<?xml version="1.0" encoding="UTF-8"?>
<project-private xmlns="http://www.netbeans.org/ns/project-private/1">
    <editor-bookmarks xmlns="http://www.netbeans.org/ns/editor-bookmarks/2" lastBookmarkId="0"/>
    <open-files xmlns="http://www.netbeans.org/ns/projectui-open-files/2">
        <group>
            <file>file:/C:/Users/Maycol/Documents/NetBeansProjects/AgendaJolanda-Jolanda/ProyectoFinal1.0/src/forms/CambiarDatos.java</file>
            <file>file:/C:/Users/Maycol/Documents/NetBeansProjects/AgendaJolanda-Jolanda/ProyectoFinal1.0/src/app/Menu.java</file>
            <file>file:/C:/Users/Maycol/Documents/NetBeansProjects/AgendaJolanda-Jolanda/ProyectoFinal1.0/src/forms/Buscar.java</file>
        </group>
    </open-files>
</project-private>
